rank,feature,importance,std,above_noise,selected
1,Vendor INCO Term,0.011757017494712297,0.005317640345060668,True,True
2,Fulfill Via,0.009820290504671236,0.005277254258071963,True,True
3,Vendor,0.007589854747664215,0.003687025010056471,True,True
4,First Line Designation,0.0013685690473854706,0.00271053577935051,True,True
5,Sub Classification,0.001246183099183318,0.00096348250972027,True,True
6,Freight Cost (USD),0.001225435266762731,0.0018623680331371847,True,True
7,Line Item Value,0.0010352030311094108,0.0017648226850554777,True,True
8,weight_missing,0.000771259087025189,0.000809806377683101,False,True
9,Dosage Form,0.0004229231157115154,0.0015263224178557184,False,True
10,Pack Price,0.0003161199277239124,0.0032987855706193146,False,True
11,freight_missing,0.0001027761825388107,0.0011381992905334958,False,True
12,Managed By,0.0,0.0,False,True
13,Weight (Kilograms),-0.0007190831033855427,0.0015687517556752996,False,True
14,Shipment Mode,-0.0010656682027650687,0.002998409059075313,False,True
15,scheduled_weekday,-0.0013067632681076468,0.0011189558740244351,False,True
16,Unit of Measure (Per Pack),-0.0013764479710897115,0.0013377535294757585,False,True
17,Line Item Insurance (USD),-0.0018707191181209116,0.004458175836477996,False,True
18,cost_per_kg,-0.0023622764136540632,0.001115211429025249,False,True
19,Product Group,-0.0028800092446039094,0.002593981025514964,False,True
20,Manufacturing Site,-0.003632358914739631,0.0017625052032866617,False,True
21,Country,-0.0038599722661886602,0.005080517627055976,False,True
22,scheduled_month,-0.004666336335495136,0.0016388344644474508,False,True
23,Line Item Quantity,-0.005184769515218679,0.0036519000242646385,False,True
24,Unit Price,-0.0080323000854427,0.005288009358170971,False,True
